feature,value,contribution,absolute_contribution,prediction
energy_mwh,15.257361111111113,-4.177352312385577,4.177352312385577,1641.782667692298
n_power_segments,4.0,2.3633098164610993,2.3633098164610993,1641.782667692298
temp_first,1600.0,-1.945280300155541,1.945280300155541,1641.782667692298
o2_total,8283.0,-1.274285403862221,1.274285403862221,1641.782667692298
basket_n,9.0,-0.9292993072259365,0.9292993072259365,1641.782667692298
o2_flow_mean,1144.640350877193,0.8249636704895569,0.8249636704895569,1641.782667692298
ladle_tap_n,7.0,-0.7536330413460252,0.7536330413460252,1641.782667692298
n_tap_changes,2.0,-0.6420368477899554,0.6420368477899554,1641.782667692298
eaf_added_n,5.0,-0.6192932380451693,0.6192932380451693,1641.782667692298
charge_t,128.664,0.4695364517673093,0.4695364517673093,1641.782667692298
