feature,coefficient,std_effect,importance,coefficient_std
temp_first,0.0877075160333258,2.5815721092228543,2.5815721092228543,0.10512036222726297
energy_mwh,-0.8467031001219922,-2.248737638822735,2.248737638822735,0.5786945802119539
power_on_min,0.5397318529849429,1.8070885757715662,1.8070885757715662,0.21647164700084806
o2_total,-0.0006469027840021883,-1.5325152001679172,1.5325152001679172,0.1914758487503331
gas_total,0.0033099571442206225,1.4571477465518043,1.4571477465518043,0.18414899060816178
n_power_segments,-0.3570082198214058,-1.2166238139635368,1.2166238139635368,0.15664680370841205
charge_t,-0.08937228234987044,-0.815978173287789,0.815978173287789,2.9278619585894545
basket_amount,-8.93722823498037e-05,-0.8159781732871798,0.8159781732871798,2.9278619585894554
carbon_flow_mean,-0.03473294066261408,-0.6905698575284598,0.6905698575284598,0.11404150052716441
eaf_mn,48.02373237461047,0.5392082354862281,0.5392082354862281,0.15823048998310552
o2_flow_mean,-0.0006063307797772151,-0.5385893477551139,0.5385893477551139,0.11304124339584039
ladle_tap_n,-0.316663375479561,-0.40317166944844424,0.40317166944844424,0.10542023248831853
basket_n,-0.23320252453313553,-0.3701566038447085,0.3701566038447085,0.10953694779876183
eaf_cu,33.43366129599461,0.34810923255035237,0.34810923255035237,0.13603354381069213
eaf_p,155.1337797149807,0.24879180317920327,0.24879180317920327,0.10735632255914071
eaf_added_n,-0.22330903997416685,-0.22734860928617076,0.22734860928617076,0.10495500959440528
n_tap_changes,0.14413712952141136,0.21552846698949862,0.21552846698949862,0.12090804231476412
carbon_total,0.0006497515867026945,0.2075452945731927,0.2075452945731927,0.11853928281723766
mean_mw,0.046361973780478904,0.2047017509343113,0.2047017509343113,0.5445525413937251
eaf_cr,19.996648779559923,0.19481798126440522,0.19481798126440522,0.14754912124067293
n_temp_meas,-0.07499324194876957,-0.17779468172132368,0.17779468172132368,0.11481444951922366
eaf_added_amount,4.2659435657218647e-05,0.16726861014934133,0.16726861014934133,0.11248938604552791
eaf_sn,-193.254942735222,-0.1554038997184397,0.1554038997184397,0.12051364635995747
eaf_si,-44.68409910388844,-0.1244480695618109,0.1244480695618109,0.10826511901146474
eaf_as,-380.49833817559266,-0.11210873316014615,0.11210873316014615,0.10780364212172426
eaf_c,8.584512571562152,0.06833917286927788,0.06833917286927788,0.12999612801793078
eaf_n,29.19350006817787,0.053340929775276304,0.053340929775276304,0.10349033652378184
ladle_tap_amount,-8.23510509622017e-06,-0.02979512468618423,0.02979512468618423,0.10630507263232643
eaf_s,-4.835457101804391,-0.014964418888006096,0.014964418888006096,0.1196129024206413
eaf_mo,0.8026557515680748,0.008640303850270504,0.008640303850270504,0.12665782575049436
eaf_ni,-0.8348573299554458,-0.00822515843058719,0.00822515843058719,0.1159878618496308
